区,年份,学校,最低分
杨浦区,2025,复旦大学附属中学,707.5
杨浦区,2025,上海交通大学附属中学,707.0
杨浦区,2025,华东师范大学第二附属中学,707.0
杨浦区,2025,上海市上海中学,707.0
杨浦区,2025,上海市控江中学,690.0
杨浦区,2025,上海市杨浦高级中学,683.5
杨浦区,2025,同济大学第一附属中学,677.5
杨浦区,2025,复旦大学第二附属中学,688.0
杨浦区,2025,上海理工大学附属中学,661.0
杨浦区,2025,上海市市东实验学校（上海市市东中学）,650.0
杨浦区,2025,上海财经大学附属中学,638.0
杨浦区,2025,上海市复旦实验中学,631.0
杨浦区,2025,上海市同济中学,619.5
杨浦区,2025,上海市中原中学,606.0
杨浦区,2025,上海理工大学附属杨浦少云中学,591.5
杨浦区,2025,上海市民星中学,573.5
杨浦区,2025,上海市体育学院附属中学,562.0
杨浦区,2025,上海市民办上实剑桥外国语中学,518.0
杨浦区,2025,上海市同济黄浦设计创意中学,619.0
杨浦区,2025,上海市久隆模范中学,609.0
杨浦区,2025,上海戏剧学院附属高级中学（艺术班）,587.5
杨浦区,2025,上海音乐学院附属安师实验中学（艺术班）,600.0
杨浦区,2025,上海市崇明区城桥中学,530.5
杨浦区,2025,上海市民办风范中学,597.0
杨浦区,2025,上海安生学校,516.5
杨浦区,2025,上海市民办燎原双语高级中学,587.5
杨浦区,2025,上海民办行中中学,564.0
杨浦区,2025,上海存志高级中学,655.0
杨浦区,2025,上海宝山区民办维尚高级中学,598.5
杨浦区,2025,上海创艺高级中学,523.0
杨浦区,2025,上海市同洲模范学校,598.5
杨浦区,2025,上海金瑞学校,558.0
杨浦区,2025,上海市民办远东学校,562.0
杨浦区,2025,上海华旭双语学校,596.5
杨浦区,2025,上海市民办丰华高级中学,572.0
杨浦区,2025,民办上海工商外国语职业学院附属中学,557.5
杨浦区,2025,上海市民办金苹果学校,592.5
杨浦区,2025,上海浦东新区民办东鼎外国语学校,570.0
杨浦区,2025,上海市民办交大南洋中学,566.5
杨浦区,2025,上海市民办永昌中学,560.0
杨浦区,2025,上海市松江九峰实验学校,653.0
杨浦区,2025,上海市西外外国语学校,525.0
杨浦区,2025,上海青浦区世外高级中学,688.0
杨浦区,2025,上海美达菲双语高级中学,539.0
杨浦区,2025,上海奉贤区博华高级中学,568.0
杨浦区,2025,上海民办民一中学,500.5
杨浦区,2025,上海嘉定区民办华盛怀少学校,513.0
杨浦区,2025,上海青浦区宏润博源高级中学,513.0
青浦区,2025,上海市上海中学,711.0
青浦区,2025,上海田家炳中学,643.0
青浦区,2025,上海戏剧学院附属高级中学（艺术班）,599.5
青浦区,2025,上海音乐学院附属安师实验中学（艺术班）,591.5
青浦区,2025,上海交通大学附属中学,707.5
青浦区,2025,复旦大学附属中学,708.0
青浦区,2025,上海市民办燎原双语高级中学,567.5
青浦区,2025,上海民办行中中学,520.0
青浦区,2025,上海存志高级中学,572.5
青浦区,2025,上海创艺高级中学,538.5
青浦区,2025,上海市宝山华曜高级中学,602.0
青浦区,2025,上海市同洲模范学校,534.5
青浦区,2025,上海宝山区世外学校,675.0
青浦区,2025,上海市民办远东学校,561.0
青浦区,2025,华东师范大学第二附属中学,707.0
青浦区,2025,上海师范大学附属中学,699.0
青浦区,2025,上海市浦东新区民办浦实高级中学,563.0
青浦区,2025,上海市民办丰华高级中学,563.0
青浦区,2025,上海浦东新区民办东鼎外国语学校,574.5
青浦区,2025,上海市民办尚德实验学校,611.0
青浦区,2025,上海市民办交大南洋中学,563.5
青浦区,2025,上海市民办永昌中学,540.5
青浦区,2025,上海金山区世外学校,620.5
青浦区,2025,上海市松江区科德高级中学,602.0
青浦区,2025,上海市松江九峰实验学校,664.0
青浦区,2025,上海领科双语学校,662.5
青浦区,2025,上海市西外外国语学校,548.5
青浦区,2025,上海赫贤学校,523.0
青浦区,2025,上海松江区爱菊学校,530.0
青浦区,2025,上海市青浦高级中学,668.5
青浦区,2025,复旦大学附属中学青浦分校,689.5
青浦区,2025,上海市朱家角中学,656.0
青浦区,2025,上海市青浦区第二中学,570.5
青浦区,2025,上海市青浦区东湖中学,603.0
青浦区,2025,上海市青浦区第一中学,631.0
青浦区,2025,上海青浦区世外高级中学,518.5
青浦区,2025,上海青浦区宏润博源高级中学,557.5
青浦区,2025,上海宋庆龄学校,593.0
青浦区,2025,上海青浦区协和双语学校,536.5
青浦区,2025,上海奉贤区博华高级中学,552.5
青浦区,2025,上海市崇明区城桥中学,532.5
青浦区,2025,上海民办民一中学,499.5
虹口区,2025,同济创意,613.0
虹口区,2025,上海中学,705.5
虹口区,2025,久隆模范,653.5
虹口区,2025,田家炳,640.5
虹口区,2025,扬波中学,566.0
虹口区,2025,新和中学,586.0
虹口区,2025,风范中学,563.5
虹口区,2025,上戏附中,620.5
虹口区,2025,安生学校,514.5
虹口区,2025,上音安师,531.0
虹口区,2025,复旦复兴,680.0
虹口区,2025,师大一附,670.5
虹口区,2025,上财北郊,664.5
虹口区,2025,上音北虹,627.0
虹口区,2025,继光高级,567.0
虹口区,2025,鲁迅中学,614.5
虹口区,2025,五十二中,514.5
虹口区,2025,上师虹口,641.0
虹口区,2025,同济澄衷,594.5
虹口区,2025,交大附中,703.0
虹口区,2025,复旦附中,705.0
虹口区,2025,燎原双语,569.0
虹口区,2025,存志高级,659.0
虹口区,2025,创艺高级,551.5
虹口区,2025,华曜高级,637.5
虹口区,2025,同洲模范,584.5
虹口区,2025,宝山世外,662.5
虹口区,2025,远东学校,524.5
虹口区,2025,华盛怀少,560.5
虹口区,2025,师大二附,704.0
虹口区,2025,丰华高级,588.5
虹口区,2025,金苹果,563.5
虹口区,2025,东鼎外语,564.5
虹口区,2025,尚德实验,623.0
虹口区,2025,交大南洋,582.0
虹口区,2025,永昌中学,542.5
虹口区,2025,金山世外,625.5
虹口区,2025,领科双语,634.5
虹口区,2025,西外外语,547.5
虹口区,2025,赫贤学校,606.5
虹口区,2025,青浦世外,603.5
虹口区,2025,宋庆龄,554.0
虹口区,2025,协和双语,592.5
虹口区,2025,博华高级,538.5
虹口区,2025,城桥中学,544.5
虹口区,2025,民一中学,504.0
嘉定区,2025,上海市嘉定区第一中学,677.0
嘉定区,2025,上海交通大学附属中学嘉定分校,689.0
嘉定区,2025,上海师范大学附属中学嘉定新城分校,679.0
嘉定区,2025,上海市嘉定区第二中学,648.5
嘉定区,2025,上海市嘉定区嘉一实验高级中学,663.0
嘉定区,2025,上海师范大学附属嘉定高级中学,636.0
嘉定区,2025,上海市嘉定区安亭高级中学,623.5
嘉定区,2025,上海大学附属嘉定高级中学,611.5
嘉定区,2025,上海市嘉定区中光高级中学,595.5
嘉定区,2025,上海市嘉定区封浜高级中学,576.0
嘉定区,2025,上海市民办远东学校,543.5
嘉定区,2025,上海华旭双语学校,513.0
嘉定区,2025,上海嘉定区民办华盛怀少学校,513.0
嘉定区,2025,上海市同济黄浦设计创意中学,630.0
嘉定区,2025,上海市上海中学,710.0
嘉定区,2025,上海市久隆模范中学,640.5
嘉定区,2025,上海田家炳中学,647.0
嘉定区,2025,上海市民办新和中学,592.0
嘉定区,2025,上海戏剧学院附属高级中学（艺术班）,642.5
嘉定区,2025,上海安生学校,535.0
嘉定区,2025,上海音乐学院附属安师实验中学（艺术班）,621.5
嘉定区,2025,上海交通大学附属中学,709.0
嘉定区,2025,复旦大学附属中学,710.0
嘉定区,2025,上海民办行中中学,539.0
嘉定区,2025,上海存志高级中学,635.5
嘉定区,2025,上海创艺高级中学,528.0
嘉定区,2025,上海市宝山华曜高级中学,626.5
嘉定区,2025,上海市同洲模范学校,545.5
嘉定区,2025,上海金瑞学校,513.5
嘉定区,2025,上海宝山区世外学校,663.0
嘉定区,2025,华东师范大学第二附属中学,708.0
嘉定区,2025,上海师范大学附属中学,689.0
嘉定区,2025,上海市浦东新区民办浦实高级中学,541.0
嘉定区,2025,上海市民办丰华高级中学,594.5
嘉定区,2025,民办上海工商外国语职业学院附属中学,551.5
嘉定区,2025,上海浦东新区民办东鼎外国语学校,545.5
嘉定区,2025,上海市民办尚德实验学校,619.5
嘉定区,2025,上海市民办交大南洋中学,569.5
嘉定区,2025,上海市民办永昌中学,517.5
嘉定区,2025,上海金山区世外学校,643.5
嘉定区,2025,上海市松江区科德高级中学,513.0
嘉定区,2025,上海领科双语学校,534.0
嘉定区,2025,上海市西外外国语学校,570.0
嘉定区,2025,上海赫贤学校,569.0
嘉定区,2025,上海松江区爱菊学校,513.0
嘉定区,2025,上海青浦区世外高级中学,661.5
嘉定区,2025,上海青浦区协和双语学校,590.5
嘉定区,2025,上海奉贤区博华高级中学,563.0
嘉定区,2025,上海市崇明区城桥中学,513.0
嘉定区,2025,上海民办民一中学,530.5
浦东新区,2025,上海中学（委属）,711
浦东新区,2024,上海中学（委属）,710
浦东新区,2023,上海中学（委属）,704
浦东新区,2025,华师大二附中（委属）,709.5
浦东新区,2024,华师大二附中（委属）,706
浦东新区,2023,华师大二附中（委属）,705
浦东新区,2025,复旦附中（委属）,710
浦东新区,2024,复旦附中（委属）,708
浦东新区,2023,复旦附中（委属）,703.5
浦东新区,2025,交大附中（委属）,709.5
浦东新区,2024,交大附中（委属）,707.5
浦东新区,2023,交大附中（委属）,703
浦东新区,2025,上海实验学校,703
浦东新区,2024,上海实验学校,701
浦东新区,2023,上海实验学校,696.5
浦东新区,2025,复附浦东,703.5
浦东新区,2024,复附浦东,697
浦东新区,2023,复附浦东,693
浦东新区,2025,建平中学,699.5
浦东新区,2024,建平中学,695
浦东新区,2023,建平中学,693.5
浦东新区,2025,进才中学,696.5
浦东新区,2024,进才中学,690.5
浦东新区,2023,进才中学,689
浦东新区,2025,上中东校,686
浦东新区,2023,上中东校,692
浦东新区,2025,洋泾中学,689.5
浦东新区,2023,洋泾中学,683.5
浦东新区,2025,川沙中学,681
浦东新区,2023,川沙中学,686.5
浦东新区,2025,南汇中学,674
浦东新区,2023,南汇中学,677
浦东新区,2025,东昌中学,672
浦东新区,2023,东昌中学,673
浦东新区,2025,高桥中学,672.5
浦东新区,2023,高桥中学,664.5
浦东新区,2025,上南中学,654.5
浦东新区,2023,上南中学,647.5
浦东新区,2025,周浦中学,654.5
浦东新区,2023,周浦中学,656.5
浦东新区,2025,大团高级中学,612.5
浦东新区,2023,大团高级中学,596
徐汇区,2025,上海中学（委属）,711
徐汇区,2024,上海中学（委属）,710
徐汇区,2023,上海中学（委属）,707.5
徐汇区,2025,复旦附中徐汇,704.5
徐汇区,2023,复旦附中徐汇,702.5
徐汇区,2025,南洋模范中学,695.5
徐汇区,2024,南洋模范中学,693
徐汇区,2023,南洋模范中学,697.5
徐汇区,2025,位育中学,691
徐汇区,2024,位育中学,687
徐汇区,2023,位育中学,689
徐汇区,2025,市二中学,682.5
徐汇区,2023,市二中学,686.5
徐汇区,2025,南洋中学,681
徐汇区,2023,南洋中学,677
徐汇区,2025,西南位育,660
徐汇区,2023,西南位育,673
徐汇区,2025,徐汇中学,668
徐汇区,2023,徐汇中学,663.5
徐汇区,2025,中国中学,652.5
徐汇区,2023,中国中学,659.5
徐汇区,2025,市四中学,650.5
徐汇区,2023,市四中学,641.5
徐汇区,2025,五十四中,632
徐汇区,2023,五十四中,644
徐汇区,2025,零陵中学,638
徐汇区,2023,零陵中学,626.5
徐汇区,2025,华理附中,617.5
徐汇区,2023,华理附中,630.5
徐汇区,2025,紫竹园中学,611
徐汇区,2023,紫竹园中学,592.5
徐汇区,2025,董恒甫高中,586
徐汇区,2023,董恒甫高中,606
闵行区,2025,上海中学（委属）,711
闵行区,2024,上海中学（委属）,710
闵行区,2023,上海中学（委属）,713.5
闵行区,2025,交大附中（委属）,713.5
闵行区,2024,交大附中（委属）,707.5
闵行区,2023,交大附中（委属）,709.5
闵行区,2025,复旦附中（委属）,710
闵行区,2024,复旦附中（委属）,708
闵行区,2023,复旦附中（委属）,713.5
闵行区,2025,七宝中学,702.5
闵行区,2024,七宝中学,691.5
闵行区,2023,七宝中学,699
闵行区,2025,交附闵分,697
闵行区,2024,交附闵分,690.5
闵行区,2023,交附闵分,696.5
闵行区,2025,华二紫竹,695
闵行区,2024,华二紫竹,687.5
闵行区,2023,华二紫竹,695
闵行区,2025,上师闵分,691.5
闵行区,2023,上师闵分,691
闵行区,2025,向明浦江,686
闵行区,2023,向明浦江,689
闵行区,2025,闵行中学,685.5
闵行区,2023,闵行中学,682
闵行区,2025,莘庄中学,665
闵行区,2023,莘庄中学,667.5
闵行区,2025,上闵外,679.5
闵行区,2023,上闵外,676
黄浦区,2025,上海中学（委属）,711
黄浦区,2024,上海中学（委属）,710
黄浦区,2023,上海中学（委属）,709
黄浦区,2025,复旦附中（委属）,709.5
黄浦区,2024,复旦附中（委属）,708
黄浦区,2023,复旦附中（委属）,710
黄浦区,2025,交大附中（委属）,709.5
黄浦区,2024,交大附中（委属）,707.5
黄浦区,2023,交大附中（委属）,709
黄浦区,2025,华师大二附中（委属）,709
黄浦区,2024,华师大二附中（委属）,706
黄浦区,2023,华师大二附中（委属）,709.5
黄浦区,2025,大同中学,682
黄浦区,2023,大同中学,694
黄浦区,2025,格致中学,686.5
黄浦区,2023,格致中学,680.5
黄浦区,2025,向明中学,675
黄浦区,2023,向明中学,680.5
黄浦区,2025,敬业中学,672
黄浦区,2023,敬业中学,669.5
黄浦区,2025,大境中学,664
黄浦区,2023,大境中学,667
黄浦区,2025,卢湾高级,661.5
黄浦区,2023,卢湾高级,659
黄浦区,2025,光明中学,652
黄浦区,2023,光明中学,655.5
黄浦区,2025,市八中学,634.5
黄浦区,2023,市八中学,636.5
黄浦区,2023,五爱高级,643
宝山区,2025,华二宝山,696.5
宝山区,2024,华二宝山,696.5
宝山区,2023,华二宝山,696
宝山区,2023,行知中学,683.5
宝山区,2025,上大附中,666
宝山区,2023,吴淞中学,667
宝山区,2025,罗店中学,649.5
宝山区,2025,宝山世外（民办）,679
宝山区,2023,宝山世外（民办）,663
松江区,2025,华二松江,702
松江区,2024,华二松江,700.5
松江区,2023,华二松江,700.5
松江区,2025,松江二中,692
松江区,2024,松江二中,691
松江区,2023,松江二中,691
松江区,2025,上外云间,684
松江区,2023,松江一中,679.5
松江区,2025,华政松高,659
松江区,2023,上师附外,643.5
普陀区,2025,华二普陀,701.5
普陀区,2024,华二普陀,696
普陀区,2023,华二普陀,696
普陀区,2025,曹杨二中,692
普陀区,2024,曹杨二中,684.5
普陀区,2023,曹杨二中,684.5
普陀区,2025,晋元高级,684
普陀区,2023,宜川中学,677
普陀区,2025,曹杨中学,661
普陀区,2023,同济二附中,641
普陀区,2025,甘泉外国语,650.5
静安区,2024,市西中学,685
静安区,2025,市北中学,676.5
长宁区,2025,延安中学,682.5
长宁区,2023,延安中学,680.5
长宁区,2025,复旦中学,672
长宁区,2023,复旦中学,673.5
长宁区,2025,市三女中,652
长宁区,2023,市三女中,662
长宁区,2025,天山学校,650.5
长宁区,2023,天山学校,641.5
长宁区,2025,建青实验,630.5
长宁区,2023,建青实验,644
金山区,2025,金山中学,670
金山区,2023,华师三附,656.5
金山区,2025,金山世外,635.5
金山区,2023,金山世外,646.5
奉贤区,2024,奉贤中学,679.5
奉贤区,2025,格致奉贤,671.5
崇明区,2024,崇明中学,638
