年份,学校,专业,贯通高校,最低分
2026,上海商业会计学校,信息安全,,691.5
2026,上海港湾学校,机械设计制造及其自动化,,691.0
2026,上海港湾学校,物流工程,,690.0
2026,上海市医药学校,制药工程,,675.0
2026,上海市工程技术管理学校,园艺,,674.0
2026,上海电机学院附属科技学校（上海市临港科技学校）,电气工程及自动化,,673.0
2026,上海健康医学院附属卫生学校,护理学,,672.0
2026,上海工商信息学校,机械工程,,670.0
2026,上海食品科技学校,食品科学与工程,,668.0
2026,上海师范大学附属杨浦现代职业学校,学前,,667.0
2026,上海商业会计学校,会计学,,665.5
2026,上海市材料工程学校,产品设计,,665.0
2026,上海市工业技术学校,智能制造工程技术,,664.0
2026,上海市大众工业学校,电气工程及自动化,,664.0
2026,上海市高级技工学校,车辆工程（城市轨道交通车辆）,,663.5
2026,上海市工商外国语学校,国际经济与贸易,,663.0
2026,上海师范大学附属杨浦现代职业学校,录音艺术,,662.0
2026,上海市浦东外事服务学校,场营销（金融营销）,,660.5
2026,上海市经济管理学校,网络工程,,660.0
2026,上海海事大学附属职业技术学校,物流管理（自贸区物流）,,660.0
2026,上海第二工业大学附属浦东振华外经职业技术学校,税收学,,658.5
2026,上海信息技术学校,化学工程与工艺,,658.0
2026,上海市高级技工学校,智能控制技术,,658.0
2026,上海市第二轻工业学校,网络工程,,656.5
2026,上海市第二轻工业学校,物流管理,,655.5
2026,上海市材料工程学校,材料科学与工程（建筑节能材料）,,655.0
2026,上海市信息管理学校,文物保护与修复,,654.5
2026,上海市商业学校,会计学,,653.5
2026,上海市贸易学校,酒店管理,,653.5
2026,上海市航空服务学校,航空服务艺术与管理,,653.0
2026,上海市城市科技学校,机械设计制造及自动化,,653.0
2026,上海师范大学附属杨浦现代职业学校,智能控制技术,,653.0
2026,上海市西南工程学校,自动化（楼宇智能化）,,651.5
2026,上海市高级技工学校,机械设计制造及自动化,,651.5
2026,上海市工业技术学校,材料成型及控制工程,,651.0
2026,上海市贸易学校,物联网工程,,651.0
2026,上海电机学院附属科技学校（上海市临港科技学校）,财务管理,,649.5
2026,上海市高级技工学校,材料成型及控制工程 （现代模具成形技术）,,648.5
2026,上海市信息管理学校,酒店管理,,646.0
2026,上海商业会计学校,财务管理,,643.5
2026,上海市经济管理学校,动画（数字互动娱乐）,,642.5
2026,上海市经济管理学校,金融学（财富管理）,,639.5
2026,上海市环境学校,机械设计制造及其自动化,,639.5
2026,上海市工商外国语学校,西班牙语（商务）,,638.5
2026,上海信息技术学校,数字媒体技术,,638.0
2026,上海市贸易学校,国际经济与贸易（食品进出口）,,638.0
2026,上海市商业学校,数字媒体艺术,,636.5
2026,上海商业会计学校,场营销（新零售）,,635.0
2026,上海市行政管理学校,会计学,,635.0
2026,上海信息技术学校,物联网工程,,632.5
2026,上海食品科技学校,食品质量与安全,,632.5
2026,上海市贸易学校,食品营养与健康,,632.0
2026,上海市商贸旅游学校,数据科学与大数据技术,,631.5
2026,上海市群星职业技术学校,数字媒体艺术,,630.5
2026,上海市工业技术学校,机器人技术,,630.0
2026,上海市商贸旅游学校,旅游管理,,629.5
2026,上海工商信息学校,人工智能工程技术,,629.5
2026,上海市工商外国语学校,计算机科学与技术,,628.0
2026,上海工商信息学校,智能制造工程,,628.0
2026,上海第二工业大学附属浦东振华外经职业技术学校,电子商务,,628.0
2026,上海市信息管理学校,数字媒体艺术,,626.5
2026,上海市经济管理学校,数字媒体技术,,626.0
2026,上海市逸夫职业技术学校,产品设计（首饰设计）,,625.5
2026,上海新闻出版职业技术学校,计算机科学与技术,,625.0
2026,上海市商贸旅游学校,酒店管理,,622.5
2026,上海信息技术学校,人工智能,,622.5
2026,上海商业会计学校,数字媒体技术,,621.5
2026,上海市逸夫职业技术学校,环境设计（室内设计）,,621.5
2026,上海新闻出版职业技术学校,视觉传达设计,,621.0
2026,上海市现代职业技术学校,汽车服务工程,,621.0
2026,上海市材料工程学校,环境设计,,620.5
2026,上海食品科技学校,烹饪与餐饮管理,,620.5
2026,上海市工商外国语学校,朝鲜语,,620.0
2026,上海市工商外国语学校,德语（商务）,,619.0
2026,上海市信息管理学校,机器人技术,,617.5
2026,上海市浦东外事服务学校,表演,,616.5
2026,上海市第二轻工业学校,数据科学与大数据技术,,616.0
2026,上海市浦东外事服务学校,旅游管理（旅游电子商务）,,615.0
2026,上海健康医学院附属卫生学校,网络工程,,613.5
2026,上海市曹杨职业技术学校,汽车服务工程技术,,613.5
2026,上海市信息管理学校,数据科学与大数据技术,,613.0
2026,上海市奉贤中等专业学校,人工智能,,610.0
2026,上海市材料工程学校,视觉传达设计,,608.0
2026,上海市西南工程学校,工程造价,,603.0
2026,上海新闻出版职业技术学校,大数据工程技术,,602.0
2026,上海体育大学附属竞技体育学校,足球运动,,529.0
2025,上海商业会计学校,商会信安,上海电力大学,677
2025,上海市环境学校,环境工程,上海电力大学,659.5
2025,上海市医药学校,医药制药,上海应用技术大学,657
2025,上海市材料工程学校,材料产设,上海应用技术大学,656.5
2025,上海健康医学院附属卫生学校,健康护理,上海健康医学院,656.5
2025,上海师范大学附属杨浦现代职业学校,上师附学前,上海师范大学,655
2025,上海市高级技工学校,高技车辆,上海工程技术大学,653.5
2025,上海商业会计学校,商会会计,上海商学院,652.5
2025,上海电机学院附属科技学校（上海市临港科技学校）,临港电气,上海电机学院,652
2025,上海市商业学校,商校会计,上海商学院,651
2025,上海师范大学附属杨浦现代职业学校,音乐科技,上海师范大学,649
2025,上海市经济管理学校,经管网工,上海第二工业大学,646.5
2025,上海食品科技学校,食品科学,上海应用技术大学,645.5
2025,上海市高级技工学校,高技材料,上海工程技术大学,644
2025,上海市第二轻工业学校,二轻网工,上海第二工业大学,643
2025,上海工商信息学校,商信工程,上海工程技术大学,642.5
2025,上海信息技术学校,信息化学,上海应用技术大学,642
2025,上海市大众工业学校,大众自动化,上海电机学院,642
2025,上海市工商外国语学校,商外国贸,上海商学院,641.5
2025,上海第二工业大学附属浦东振华外经职业技术学校,振华税收,上海第二工业大学,641
2025,上海电机学院附属科技学校（上海市临港科技学校）,临港财务,上海电机学院,640.5
2025,上海市工业技术学校,工业机械,上海第二工业大学,640
2025,上海市第二轻工业学校,二轻物管,上海第二工业大学,638.5
2025,上海市西南工程学校,西南自动,上海电机学院,638
2025,上海市贸易学校,贸易物联,上海商学院,637
2025,上海市工业技术学校,工业材控,上海第二工业大学,635
2025,上海市航空服务学校,航空乘管,上海工程技术大学,635
2025,上海市材料工程学校,材料科学,上海应用技术大学,634
2025,上海市信息管理学校,信管酒店,上海商学院,634
2025,上海市浦东外事服务学校,外事金融,上海立信会计金融学院,634
2025,上海市贸易学校,贸易酒管,上海商学院,632
2025,上海市信息管理学校,信管文修,上海视觉艺术学院/上海应用技术大学,631
2025,上海海事大学附属职业技术学校,海大物流,上海电机学院,628
2025,上海市经济管理学校,经管动画,上海视觉艺术学院,627
2025,上海商业会计学校,商会财管,上海师范大学天华学院,625
2025,上海师范大学附属杨浦现代职业学校,上师附汽服,上海工程技术大学,623.5
2025,上海市工业技术学校,工业机器人,上海中侨职业技术大学,621
2025,上海市贸易学校,贸易国贸,上海杉达学院,619
2025,上海市商业学校,商校数媒,上海师范大学天华学院,618.5
2025,上海信息技术学校,信息物联,上海建桥学院,618
2025,上海市商贸旅游学校,商旅数据,上海杉达学院,617
2025,上海市城市科技学校,城市汽车,上海工程技术大学,616
2025,上海食品科技学校,食品质量,上海中侨职业技术大学,615.5
2025,上海市商贸旅游学校,商旅酒店,上海杉达学院,614.5
2025,上海科技管理学校,科技网络,上海建桥学院,614
2025,上海商业会计学校,商会数媒,上海中侨职业技术大学,612
2025,上海市信息管理学校,信管数艺,上海外国语大学贤达经济人文学院,611.5
2025,上海体育大学附属竞技体育学校,竞技运动,上海体育大学,611.5
2025,上海市群星职业技术学校,群星数媒,上海师范大学天华学院,611.5
2025,上海市经济管理学校,经管金融,上海杉达学院,611
2025,上海市贸易学校,贸易营养,上海中侨职业技术大学,611
2025,上海市工商外国语学校,商外西语,上海杉达学院,610.5
2025,上海市行政管理学校,行政财务,上海外国语大学贤达经济人文学院,610.5
2025,上海市环境学校,环境机械,上海建桥学院,609.5
2025,中华职业学校,中华视觉,上海建桥学院,609.5
2025,上海市材料工程学校,材料环设,上海建桥学院,608
2025,上海第二工业大学附属浦东振华外经职业技术学校,振华电商,上海杉达学院,608
2025,上海市经济管理学校,经管数媒,上海中侨职业技术大学,607.5
2025,上海市第二轻工业学校,二轻大数据,上海立达学院,606
2025,上海市工商外国语学校,商外韩语,上海外国语大学贤达经济人文学院,605
2025,上海市材料工程学校,材料视觉,上海立达学院,605
2025,上海市工商外国语学校,商外德语,上海外国语大学贤达经济人文学院,603.5
2025,上海信息技术学校,信息人工,上海立达学院,603
2025,上海商业会计学校,商会新营,上海杉达学院,602.5
2025,上海市浦东外事服务学校,外事旅游,上海师范大学天华学院,602.5
2025,上海市工商外国语学校,商外计科,上海师范大学天华学院,601.5
2025,上海市信息管理学校,信管数据,上海立达学院,600.5
2025,上海市曹杨职业技术学校,曹职汽车,上海中侨职业技术大学,600.5
2025,上海市逸夫职业技术学校,逸夫产品,上海建桥学院,600
2025,上海食品科技学校,食品烹饪管理,上海中侨职业技术大学,599.5
2025,上海工商信息学校,商信智能,上海中侨职业技术大学,599.5
2025,上海市逸夫职业技术学校,逸夫环境,上海视觉艺术学院,599
2025,上海市现代职业技术学校,现代汽服,上海师范大学天华学院,598
2025,上海市商贸旅游学校,商旅旅管,上海师范大学天华学院,592
2025,上海新闻出版职业技术学校,新闻计科,上海立达学院,585
2025,上海市浦东外事服务学校,外事表演,上海工程技术大学,584
